"test_code","qc_code","date","analyte","value"
"PATY","C-PATY1",2019-12-03,"phe",46.61210654
"PATY","C-PATY2",2019-12-03,"phe",504.4430993
"PATY","C-PATY3",2019-12-03,"phe",1423.389831
"PATY","C-PATY1",2019-12-04,"phe",45.28256659
"PATY","C-PATY2",2019-12-04,"phe",439.5302663
"PATY","C-PATY3",2019-12-04,"phe",1462.493947
"PATY","C-PATY1",2019-12-05,"phe",45.20435835
"PATY","C-PATY2",2019-12-05,"phe",449.6973366
"PATY","C-PATY3",2019-12-05,"phe",1517.239709
"PATY","C-PATY1",2019-12-06,"phe",47.70702179
"PATY","C-PATY2",2019-12-06,"phe",444.2227603
"PATY","C-PATY3",2019-12-06,"phe",1525.060533
"PATY","C-PATY1",2019-12-09,"phe",45.59539952
"PATY","C-PATY2",2019-12-09,"phe",468.4673123
"PATY","C-PATY3",2019-12-09,"phe",1376.464891
"PATY","C-PATY1",2019-12-10,"phe",49.34939467
"PATY","C-PATY2",2019-12-10,"phe",455.9539952
"PATY","C-PATY3",2019-12-10,"phe",1345.181598
"PATY","C-PATY1",2019-12-11,"phe",47.31598063
"PATY","C-PATY2",2019-12-11,"phe",443.440678
"PATY","C-PATY3",2019-12-11,"phe",1407.748184
"PATY","C-PATY1",2019-12-12,"phe",51.22639225
"PATY","C-PATY2",2019-12-12,"phe",408.2469734
"PATY","C-PATY3",2019-12-12,"phe",1337.360775
"PATY","C-PATY1",2019-12-13,"phe",43.17094431
"PATY","C-PATY2",2019-12-13,"phe",432.4915254
"PATY","C-PATY3",2019-12-13,"phe",1384.285714
"PATY","C-PATY1",2019-12-16,"phe",45.36077482
"PATY","C-PATY2",2019-12-16,"phe",468.4673123
"PATY","C-PATY3",2019-12-16,"phe",1431.210654
"PATY","C-PATY1",2019-12-17,"phe",45.83002421
"PATY","C-PATY2",2019-12-17,"phe",455.9539952
"PATY","C-PATY3",2019-12-17,"phe",1337.360775
"PATY","C-PATY1",2019-12-18,"phe",46.37748184
"PATY","C-PATY2",2019-12-18,"phe",426.2348668
"PATY","C-PATY3",2019-12-18,"phe",1415.569007
"PATY","C-PATY1",2019-12-19,"phe",52.08668281
"PATY","C-PATY2",2019-12-19,"phe",467.68523
"PATY","C-PATY3",2019-12-19,"phe",1493.77724
"PATY","C-PATY1",2019-12-20,"phe",53.72905569
"PATY","C-PATY2",2019-12-20,"phe",471.5956416
"PATY","C-PATY3",2019-12-20,"phe",1540.702179
"PATY","C-PATY1",2019-12-23,"phe",45.51719128
"PATY","C-PATY2",2019-12-23,"phe",466.9031477
"PATY","C-PATY3",2019-12-23,"phe",1368.644068
"PATY","C-PATY1",2019-12-24,"phe",44.50048426
"PATY","C-PATY2",2019-12-24,"phe",427.0169492
"PATY","C-PATY3",2019-12-24,"phe",1415.569007
"PATY","C-PATY1",2019-12-27,"phe",50.44430993
"PATY","C-PATY2",2019-12-27,"phe",444.2227603
"PATY","C-PATY3",2019-12-27,"phe",1532.881356
"PATY","C-PATY1",2019-12-30,"phe",47.2377724
"PATY","C-PATY2",2019-12-30,"phe",460.6464891
"PATY","C-PATY3",2019-12-30,"phe",1353.002421
"PATY","C-PATY1",2019-12-31,"phe",46.61210654
"PATY","C-PATY2",2019-12-31,"phe",451.2615012
"PATY","C-PATY3",2019-12-31,"phe",1423.389831
"PATY","C-PATY1",2020-01-02,"phe",47.62881356
"PATY","C-PATY2",2020-01-02,"phe",460.6464891
"PATY","C-PATY3",2020-01-02,"phe",1423.389831
"PATY","C-PATY1",2020-01-03,"phe",46.37748184
"PATY","C-PATY2",2020-01-03,"phe",484.8910412
"PATY","C-PATY3",2020-01-03,"phe",1329.539952
"PATY","C-PATY1",2020-01-06,"phe",46.53389831
"PATY","C-PATY1",2020-01-06,"phe",46.69031477
"PATY","C-PATY2",2020-01-06,"phe",436.401937
"PATY","C-PATY3",2020-01-06,"phe",1360.823245
"PATY","C-PATY3",2020-01-06,"phe",1454.673123
"PATY","C-PATY1",2020-01-07,"phe",44.73510896
"PATY","C-PATY2",2020-01-07,"phe",425.4527845
"PATY","C-PATY3",2020-01-07,"phe",1540.702179
"PATY","C-PATY1",2020-01-08,"phe",50.91355932
"PATY","C-PATY2",2020-01-08,"phe",471.5956416
"PATY","C-PATY3",2020-01-08,"phe",1446.8523
"PATY","C-PATY1",2020-01-09,"phe",46.92493947
"PATY","C-PATY2",2020-01-09,"phe",491.9297821
"PATY","C-PATY3",2020-01-09,"phe",1548.523002
"PATY","C-PATY1",2020-01-10,"phe",49.97506053
"PATY","C-PATY2",2020-01-10,"phe",473.9418886
"PATY","C-PATY3",2020-01-10,"phe",1399.927361
"PATY","C-PATY1",2020-01-13,"phe",51.77384988
"PATY","C-PATY2",2020-01-13,"phe",478.6343826
"PATY","C-PATY3",2020-01-13,"phe",1392.106538
"PATY","C-PATY1",2020-01-14,"phe",48.41089588
"PATY","C-PATY2",2020-01-14,"phe",443.440678
"PATY","C-PATY3",2020-01-14,"phe",1329.539952
"PATY","C-PATY1",2020-01-15,"phe",55.84067797
"PATY","C-PATY2",2020-01-15,"phe",461.4285714
"PATY","C-PATY3",2020-01-15,"phe",1368.644068
"PATY","C-PATY1",2020-01-16,"phe",51.53922518
"PATY","C-PATY2",2020-01-16,"phe",418.4140436
"PATY","C-PATY3",2020-01-16,"phe",1370
"PATY","C-PATY1",2020-01-17,"phe",49.11476998
"PATY","C-PATY2",2020-01-17,"phe",424.6707022
"PATY","C-PATY3",2020-01-17,"phe",1370
"PATY","C-PATY1",2020-01-20,"phe",46.768523
"PATY","C-PATY2",2020-01-20,"phe",443
"PATY","C-PATY3",2020-01-20,"phe",1340
"PATY","C-PATY1",2020-01-21,"phe",44.73510896
"PATY","C-PATY2",2020-01-21,"phe",438
"PATY","C-PATY3",2020-01-21,"phe",1310
"PATY","C-PATY1",2020-01-22,"phe",45.4
"PATY","C-PATY1",2020-01-22,"phe",47.9
"PATY","C-PATY2",2020-01-22,"phe",373
"PATY","C-PATY2",2020-01-22,"phe",449
"PATY","C-PATY3",2020-01-22,"phe",1350
"PATY","C-PATY3",2020-01-22,"phe",1450
"PATY","C-PATY1",2020-01-23,"phe",43.7
"PATY","C-PATY2",2020-01-23,"phe",466
"PATY","C-PATY3",2020-01-23,"phe",1420
"PATY","C-PATY1",2020-01-24,"phe",46.1
"PATY","C-PATY1",2020-01-24,"phe",50.9
"PATY","C-PATY2",2020-01-24,"phe",398
"PATY","C-PATY2",2020-01-24,"phe",463
"PATY","C-PATY3",2020-01-24,"phe",1330
"PATY","C-PATY3",2020-01-24,"phe",1470
"PATY","C-PATY1",2020-01-27,"phe",52.3
"PATY","C-PATY2",2020-01-27,"phe",434
"PATY","C-PATY3",2020-01-27,"phe",1500
"PATY","C-PATY1",2020-01-28,"phe",49.3
"PATY","C-PATY2",2020-01-28,"phe",450
"PATY","C-PATY3",2020-01-28,"phe",1570
"PATY","C-PATY1",2020-01-29,"phe",43
"PATY","C-PATY1",2020-01-29,"phe",48.7
"PATY","C-PATY2",2020-01-29,"phe",434
"PATY","C-PATY2",2020-01-29,"phe",458
"PATY","C-PATY3",2020-01-29,"phe",1420
"PATY","C-PATY3",2020-01-29,"phe",1480
"PATY","C-PATY1",2020-01-30,"phe",47.7
"PATY","C-PATY2",2020-01-30,"phe",476
"PATY","C-PATY3",2020-01-30,"phe",1540
"PATY","C-PATY1",2020-01-31,"phe",48.7
"PATY","C-PATY2",2020-01-31,"phe",489
"PATY","C-PATY3",2020-01-31,"phe",1480
"PATY","C-PATY1",2020-02-03,"phe",51.3
"PATY","C-PATY2",2020-02-03,"phe",514
"PATY","C-PATY3",2020-02-03,"phe",1410
"PATY","C-PATY1",2020-02-04,"phe",50.2
"PATY","C-PATY2",2020-02-04,"phe",445
"PATY","C-PATY3",2020-02-04,"phe",1360
"PATY","C-PATY1",2020-02-05,"phe",53.9
"PATY","C-PATY2",2020-02-05,"phe",462
"PATY","C-PATY3",2020-02-05,"phe",1380
"PATY","C-PATY1",2020-02-06,"phe",52.4
"PATY","C-PATY2",2020-02-06,"phe",460
"PATY","C-PATY3",2020-02-06,"phe",1540
"PATY","C-PATY1",2020-02-07,"phe",56.5
"PATY","C-PATY2",2020-02-07,"phe",444
"PATY","C-PATY3",2020-02-07,"phe",1410
"PATY","C-PATY1",2020-02-10,"phe",48.8
"PATY","C-PATY2",2020-02-10,"phe",431
"PATY","C-PATY3",2020-02-10,"phe",1500
"PATY","C-PATY1",2020-02-11,"phe",53.4
"PATY","C-PATY2",2020-02-11,"phe",437
"PATY","C-PATY3",2020-02-11,"phe",1490
"PATY","C-PATY1",2020-02-12,"phe",48.4
"PATY","C-PATY2",2020-02-12,"phe",450
"PATY","C-PATY3",2020-02-12,"phe",1400
"PATY","C-PATY1",2020-02-13,"phe",43.9
"PATY","C-PATY2",2020-02-13,"phe",451
"PATY","C-PATY3",2020-02-13,"phe",1360
"PATY","C-PATY1",2020-02-14,"phe",50.9
"PATY","C-PATY2",2020-02-14,"phe",453
"PATY","C-PATY3",2020-02-14,"phe",1410
"PATY","C-PATY1",2020-02-17,"phe",57.1
"PATY","C-PATY1",2020-02-17,"phe",57.9
"PATY","C-PATY1",2020-02-17,"phe",59.1
"PATY","C-PATY1",2020-02-17,"phe",60.3
"PATY","C-PATY1",2020-02-17,"phe",47.2
"PATY","C-PATY1",2020-02-17,"phe",67.3
"PATY","C-PATY2",2020-02-17,"phe",476
"PATY","C-PATY3",2020-02-17,"phe",1440
"PATY","C-PATY1",2020-02-18,"phe",59.2
"PATY","C-PATY1",2020-02-18,"phe",57.1
"PATY","C-PATY1",2020-02-18,"phe",58.5
"PATY","C-PATY1",2020-02-18,"phe",59.4
"PATY","C-PATY1",2020-02-18,"phe",46.8
"PATY","C-PATY1",2020-02-18,"phe",60.5
"PATY","C-PATY2",2020-02-18,"phe",451
"PATY","C-PATY3",2020-02-18,"phe",1440
"PATY","C-PATY1",2020-02-19,"phe",47.8
"PATY","C-PATY2",2020-02-19,"phe",446
"PATY","C-PATY3",2020-02-19,"phe",1480
"PATY","C-PATY1",2020-02-20,"phe",58.5
"PATY","C-PATY1",2020-02-20,"phe",51.3
"PATY","C-PATY2",2020-02-20,"phe",487
"PATY","C-PATY3",2020-02-20,"phe",1550
"PATY","C-PATY1",2020-02-21,"phe",65.3
"PATY","C-PATY1",2020-02-21,"phe",50.9
"PATY","C-PATY2",2020-02-21,"phe",473
"PATY","C-PATY3",2020-02-21,"phe",1420
"PATY","C-PATY3",2020-02-21,"phe",1390
"PATY","C-PATY1",2020-02-24,"phe",51.6
"PATY","C-PATY2",2020-02-24,"phe",496
"PATY","C-PATY3",2020-02-24,"phe",1410
"PATY","C-PATY1",2020-02-25,"phe",65.7
"PATY","C-PATY1",2020-02-25,"phe",49.3
"PATY","C-PATY2",2020-02-25,"phe",527
"PATY","C-PATY3",2020-02-25,"phe",1350
"PATY","C-PATY3",2020-02-25,"phe",1410
"PATY","C-PATY1",2020-02-26,"phe",62.8
"PATY","C-PATY1",2020-02-26,"phe",49
"PATY","C-PATY2",2020-02-26,"phe",459
"PATY","C-PATY3",2020-02-26,"phe",1380
"PATY","C-PATY3",2020-02-26,"phe",1420
"PATY","C-PATY1",2020-02-27,"phe",61.5
"PATY","C-PATY1",2020-02-27,"phe",49.4
"PATY","C-PATY2",2020-02-27,"phe",453
"PATY","C-PATY2",2020-02-27,"phe",498
"PATY","C-PATY3",2020-02-27,"phe",1480
"PATY","C-PATY3",2020-02-27,"phe",1480
"PATY","C-PATY3",2020-02-27,"phe",1560
"PATY","C-PATY1",2020-02-28,"phe",45
"PATY","C-PATY1",2020-02-28,"phe",62.5
"PATY","C-PATY2",2020-02-28,"phe",486
"PATY","C-PATY3",2020-02-28,"phe",1450
"PATY","C-PATY3",2020-02-28,"phe",1460
"PATY","C-PATY1",2020-03-02,"phe",48.2
"PATY","C-PATY2",2020-03-02,"phe",485
"PATY","C-PATY3",2020-03-02,"phe",1370
"PATY","C-PATY1",2020-03-03,"phe",62.4
"PATY","C-PATY1",2020-03-03,"phe",44.4
"PATY","C-PATY2",2020-03-03,"phe",437
"PATY","C-PATY2",2020-03-03,"phe",468
"PATY","C-PATY3",2020-03-03,"phe",1450
"PATY","C-PATY3",2020-03-03,"phe",1530
"PATY","C-PATY1",2020-03-04,"phe",62.6
"PATY","C-PATY1",2020-03-04,"phe",50
"PATY","C-PATY2",2020-03-04,"phe",483
"PATY","C-PATY2",2020-03-04,"phe",513
"PATY","C-PATY3",2020-03-04,"phe",1370
"PATY","C-PATY3",2020-03-04,"phe",1460
"PATY","C-PATY1",2020-03-05,"phe",48.2
"PATY","C-PATY2",2020-03-05,"phe",437
"PATY","C-PATY3",2020-03-05,"phe",1530
"PATY","C-PATY1",2020-03-06,"phe",48.5
"PATY","C-PATY2",2020-03-06,"phe",434
"PATY","C-PATY3",2020-03-06,"phe",1460
"PATY","C-PATY1",2020-03-09,"phe",46.6
"PATY","C-PATY2",2020-03-09,"phe",464
"PATY","C-PATY3",2020-03-09,"phe",1440
"PATY","C-PATY1",2020-03-10,"phe",44.2
"PATY","C-PATY2",2020-03-10,"phe",459
"PATY","C-PATY3",2020-03-10,"phe",1350
"PATY","C-PATY1",2020-03-11,"phe",48.3
"PATY","C-PATY2",2020-03-11,"phe",464
"PATY","C-PATY3",2020-03-11,"phe",1620
"PATY","C-PATY1",2020-03-12,"phe",47.1
"PATY","C-PATY2",2020-03-12,"phe",476
"PATY","C-PATY3",2020-03-12,"phe",1460
"PATY","C-PATY1",2020-03-13,"phe",47.5
"PATY","C-PATY2",2020-03-13,"phe",444
"PATY","C-PATY3",2020-03-13,"phe",1390
"PATY","C-PATY1",2020-03-16,"phe",43
"PATY","C-PATY2",2020-03-16,"phe",498
"PATY","C-PATY3",2020-03-16,"phe",1590
"PATY","C-PATY1",2020-03-17,"phe",52.4
"PATY","C-PATY2",2020-03-17,"phe",525
"PATY","C-PATY3",2020-03-17,"phe",1320
"PATY","C-PATY1",2020-03-18,"phe",46.8
"PATY","C-PATY1",2020-03-18,"phe",46.3
"PATY","C-PATY2",2020-03-18,"phe",441
"PATY","C-PATY2",2020-03-18,"phe",464
"PATY","C-PATY3",2020-03-18,"phe",1590
"PATY","C-PATY3",2020-03-18,"phe",1650
"PATY","C-PATY1",2020-03-19,"phe",43.1
"PATY","C-PATY2",2020-03-19,"phe",492
"PATY","C-PATY3",2020-03-19,"phe",1500
"PATY","C-PATY1",2020-03-20,"phe",49.7
"PATY","C-PATY2",2020-03-20,"phe",469
"PATY","C-PATY3",2020-03-20,"phe",1420
"PATY","C-PATY1",2020-03-23,"phe",47
"PATY","C-PATY2",2020-03-23,"phe",505
"PATY","C-PATY3",2020-03-23,"phe",1500
"PATY","C-PATY1",2020-03-24,"phe",51.1
"PATY","C-PATY2",2020-03-24,"phe",468
"PATY","C-PATY3",2020-03-24,"phe",1470
"PATY","C-PATY1",2020-03-25,"phe",50.4
"PATY","C-PATY2",2020-03-25,"phe",523
"PATY","C-PATY3",2020-03-25,"phe",1300
"PATY","C-PATY1",2020-03-26,"phe",53
"PATY","C-PATY2",2020-03-26,"phe",487
"PATY","C-PATY3",2020-03-26,"phe",1440
"PATY","C-PATY1",2020-03-27,"phe",47.3
"PATY","C-PATY2",2020-03-27,"phe",493
"PATY","C-PATY1",2020-03-30,"phe",47.5
"PATY","C-PATY2",2020-03-30,"phe",479
"PATY","C-PATY1",2020-03-31,"phe",51.7
"PATY","C-PATY2",2020-03-31,"phe",496
"PATY","C-PATY1",2020-04-02,"phe",51.7
"PATY","C-PATY2",2020-04-02,"phe",469
"PATY","C-PATY1",2020-04-06,"phe",62.9
"PATY","C-PATY1",2020-04-06,"phe",62.5
"PATY","C-PATY2",2020-04-06,"phe",464
"PATY","C-PATY1",2020-04-08,"phe",63.2
"PATY","C-PATY1",2020-04-09,"phe",60.4
"PATY","C-PATY2",2020-04-09,"phe",483
"PATY","C-PATY3",2020-04-09,"phe",1460
"PATY","C-PATY1",2020-04-13,"phe",73.2
"PATY","C-PATY2",2020-04-13,"phe",496
"PATY","C-PATY3",2020-04-13,"phe",1450
"PATY","C-PATY1",2020-04-14,"phe",64.5
"PATY","C-PATY2",2020-04-14,"phe",488
"PATY","C-PATY3",2020-04-14,"phe",1560
"PATY","C-PATY1",2020-04-16,"phe",57.9
"PATY","C-PATY2",2020-04-16,"phe",489
"PATY","C-PATY3",2020-04-16,"phe",1360
"PATY","C-PATY1",2020-04-17,"phe",56.7
"PATY","C-PATY2",2020-04-17,"phe",453
"PATY","C-PATY3",2020-04-17,"phe",1460
"PATY","C-PATY1",2020-04-20,"phe",60.5
"PATY","C-PATY2",2020-04-20,"phe",461
"PATY","C-PATY3",2020-04-20,"phe",1300
"PATY","C-PATY1",2020-04-22,"phe",61.4
"PATY","C-PATY1",2020-04-22,"phe",61.5
"PATY","C-PATY2",2020-04-22,"phe",517
"PATY","C-PATY2",2020-04-22,"phe",519
"PATY","C-PATY3",2020-04-22,"phe",1370
"PATY","C-PATY3",2020-04-22,"phe",1390
"PATY","C-PATY1",2020-04-23,"phe",61.2
"PATY","C-PATY2",2020-04-23,"phe",449
"PATY","C-PATY3",2020-04-23,"phe",1330
"PATY","C-PATY1",2020-04-24,"phe",56.7
"PATY","C-PATY2",2020-04-24,"phe",530
"PATY","C-PATY3",2020-04-24,"phe",1400
"PATY","C-PATY1",2020-04-27,"phe",53.5
"PATY","C-PATY2",2020-04-27,"phe",506
"PATY","C-PATY3",2020-04-27,"phe",1450
"PATY","C-PATY1",2020-04-29,"phe",55.3
"PATY","C-PATY2",2020-04-29,"phe",430
"PATY","C-PATY3",2020-04-29,"phe",1410
"PATY","C-PATY1",2020-05-01,"phe",59.3
"PATY","C-PATY2",2020-05-01,"phe",455
"PATY","C-PATY3",2020-05-01,"phe",1490
"PATY","C-PATY1",2020-05-04,"phe",54.3
"PATY","C-PATY2",2020-05-04,"phe",455
"PATY","C-PATY3",2020-05-04,"phe",1300
"PATY","C-PATY1",2020-05-05,"phe",56.2
"PATY","C-PATY2",2020-05-05,"phe",453
"PATY","C-PATY3",2020-05-05,"phe",1400
"PATY","C-PATY1",2020-05-06,"phe",52
"PATY","C-PATY1",2020-05-06,"phe",64.4
"PATY","C-PATY2",2020-05-06,"phe",446
"PATY","C-PATY2",2020-05-06,"phe",470
"PATY","C-PATY3",2020-05-06,"phe",1550
"PATY","C-PATY3",2020-05-06,"phe",1520
"PATY","C-PATY1",2020-05-08,"phe",62.8
"PATY","C-PATY2",2020-05-08,"phe",471
"PATY","C-PATY3",2020-05-08,"phe",1330
"PATY","C-PATY1",2020-05-12,"phe",56
"PATY","C-PATY2",2020-05-12,"phe",413
"PATY","C-PATY3",2020-05-12,"phe",1360
"PATY","C-PATY1",2020-05-14,"phe",58
"PATY","C-PATY2",2020-05-14,"phe",420
"PATY","C-PATY3",2020-05-14,"phe",1420
"PATY","C-PATY1",2020-05-15,"phe",61.5
"PATY","C-PATY2",2020-05-15,"phe",430
"PATY","C-PATY3",2020-05-15,"phe",1340
"PATY","C-PATY1",2020-05-18,"phe",60.8
"PATY","C-PATY2",2020-05-18,"phe",481
"PATY","C-PATY3",2020-05-18,"phe",1500
"PATY","C-PATY1",2020-05-20,"phe",56.4
"PATY","C-PATY2",2020-05-20,"phe",428
"PATY","C-PATY3",2020-05-20,"phe",1470
"PATY","C-PATY1",2020-05-22,"phe",60.5
"PATY","C-PATY2",2020-05-22,"phe",424
"PATY","C-PATY3",2020-05-22,"phe",1470
"PATY","C-PATY1",2020-05-26,"phe",57.6
"PATY","C-PATY1",2020-05-26,"phe",60.7
"PATY","C-PATY2",2020-05-26,"phe",427
"PATY","C-PATY2",2020-05-26,"phe",426
"PATY","C-PATY3",2020-05-26,"phe",1470
"PATY","C-PATY3",2020-05-26,"phe",1480
"PATY","C-PATY1",2020-05-27,"phe",51.4
"PATY","C-PATY2",2020-05-27,"phe",442
"PATY","C-PATY3",2020-05-27,"phe",1480
"PATY","C-PATY1",2020-05-28,"phe",57.5
"PATY","C-PATY2",2020-05-28,"phe",448
"PATY","C-PATY3",2020-05-28,"phe",1530
"PATY","C-PATY1",2020-05-29,"phe",56
"PATY","C-PATY2",2020-05-29,"phe",444
"PATY","C-PATY3",2020-05-29,"phe",1580
"PATY","C-PATY1",2020-06-02,"phe",58.9
"PATY","C-PATY2",2020-06-02,"phe",482
"PATY","C-PATY3",2020-06-02,"phe",1480
"PATY","C-PATY1",2020-06-03,"phe",56.6
"PATY","C-PATY2",2020-06-03,"phe",459
"PATY","C-PATY3",2020-06-03,"phe",1400
"PATY","C-PATY1",2020-06-04,"phe",50.9
"PATY","C-PATY2",2020-06-04,"phe",477
"PATY","C-PATY3",2020-06-04,"phe",1590
"PATY","C-PATY1",2020-06-05,"phe",71.8
"PATY","C-PATY2",2020-06-05,"phe",481
"PATY","C-PATY3",2020-06-05,"phe",1430
"PATY","C-PATY1",2020-06-08,"phe",61.1
"PATY","C-PATY2",2020-06-08,"phe",531
"PATY","C-PATY3",2020-06-08,"phe",1350
"PATY","C-PATY1",2020-06-09,"phe",54
"PATY","C-PATY2",2020-06-09,"phe",483
"PATY","C-PATY3",2020-06-09,"phe",1360
"PATY","C-PATY1",2020-06-10,"phe",62.2
"PATY","C-PATY2",2020-06-10,"phe",449
"PATY","C-PATY3",2020-06-10,"phe",1400
"PATY","C-PATY1",2020-06-11,"phe",60.6
"PATY","C-PATY2",2020-06-11,"phe",487
"PATY","C-PATY3",2020-06-11,"phe",1510
"PATY","C-PATY1",2020-06-12,"phe",53.3
"PATY","C-PATY2",2020-06-12,"phe",436
"PATY","C-PATY3",2020-06-12,"phe",1480
"PATY","C-PATY1",2020-06-15,"phe",58.8
"PATY","C-PATY2",2020-06-15,"phe",446
"PATY","C-PATY3",2020-06-15,"phe",1540
"PATY","C-PATY1",2020-06-16,"phe",62
"PATY","C-PATY2",2020-06-16,"phe",457
"PATY","C-PATY3",2020-06-16,"phe",1470
"PATY","C-PATY1",2020-06-17,"phe",66.5
"PATY","C-PATY2",2020-06-17,"phe",460
"PATY","C-PATY3",2020-06-17,"phe",1450
"PATY","C-PATY1",2020-06-18,"phe",57.5
"PATY","C-PATY2",2020-06-18,"phe",447
"PATY","C-PATY3",2020-06-18,"phe",1480
"PATY","C-PATY1",2020-06-19,"phe",60.2
"PATY","C-PATY2",2020-06-19,"phe",432
"PATY","C-PATY3",2020-06-19,"phe",1530
"PATY","C-PATY1",2020-06-22,"phe",62.5
"PATY","C-PATY2",2020-06-22,"phe",441
"PATY","C-PATY3",2020-06-22,"phe",1470
"PATY","C-PATY1",2020-06-23,"phe",55.1
"PATY","C-PATY2",2020-06-23,"phe",423
"PATY","C-PATY3",2020-06-23,"phe",1420
"PATY","C-PATY1",2020-06-24,"phe",54.3
"PATY","C-PATY2",2020-06-24,"phe",439
"PATY","C-PATY3",2020-06-24,"phe",1340
"PATY","C-PATY1",2020-06-25,"phe",67.3
"PATY","C-PATY2",2020-06-25,"phe",462
"PATY","C-PATY3",2020-06-25,"phe",1560
"PATY","C-PATY1",2020-06-26,"phe",61.2
"PATY","C-PATY2",2020-06-26,"phe",451
"PATY","C-PATY3",2020-06-26,"phe",1500
"PATY","C-PATY1",2020-06-29,"phe",66
"PATY","C-PATY2",2020-06-29,"phe",451
"PATY","C-PATY3",2020-06-29,"phe",1520
"PATY","C-PATY1",2020-06-30,"phe",55.8
"PATY","C-PATY2",2020-06-30,"phe",433
"PATY","C-PATY3",2020-06-30,"phe",1590
"PATY","C-PATY1",2020-07-01,"phe",63.4
"PATY","C-PATY2",2020-07-01,"phe",460
"PATY","C-PATY3",2020-07-01,"phe",1470
"PATY","C-PATY1",2020-07-02,"phe",59.6
"PATY","C-PATY2",2020-07-02,"phe",483
"PATY","C-PATY3",2020-07-02,"phe",1450
"PATY","C-PATY1",2020-07-03,"phe",63
"PATY","C-PATY2",2020-07-03,"phe",455
"PATY","C-PATY3",2020-07-03,"phe",1410
"PATY","C-PATY1",2020-07-07,"phe",63.7
"PATY","C-PATY2",2020-07-07,"phe",478
"PATY","C-PATY3",2020-07-07,"phe",1410
"PATY","C-PATY1",2020-07-08,"phe",65
"PATY","C-PATY2",2020-07-08,"phe",450
"PATY","C-PATY3",2020-07-08,"phe",1420
"PATY","C-PATY1",2020-07-09,"phe",60.5
"PATY","C-PATY2",2020-07-09,"phe",506
"PATY","C-PATY3",2020-07-09,"phe",1350
"PATY","C-PATY1",2020-07-10,"phe",64.9
"PATY","C-PATY2",2020-07-10,"phe",475
"PATY","C-PATY3",2020-07-10,"phe",1390
"PATY","C-PATY1",2020-07-13,"phe",62.4
"PATY","C-PATY2",2020-07-13,"phe",512
"PATY","C-PATY3",2020-07-13,"phe",1390
"PATY","C-PATY1",2020-07-14,"phe",60.4
"PATY","C-PATY2",2020-07-14,"phe",489
"PATY","C-PATY3",2020-07-14,"phe",1380
"PATY","C-PATY1",2020-07-15,"phe",52.7
"PATY","C-PATY2",2020-07-15,"phe",464
"PATY","C-PATY3",2020-07-15,"phe",1370
"PATY","C-PATY1",2020-07-16,"phe",57.8
"PATY","C-PATY2",2020-07-16,"phe",438
"PATY","C-PATY3",2020-07-16,"phe",1350
"PATY","C-PATY1",2020-07-17,"phe",53.6
"PATY","C-PATY1",2020-07-17,"phe",57.7
"PATY","C-PATY2",2020-07-17,"phe",403
"PATY","C-PATY2",2020-07-17,"phe",467
"PATY","C-PATY3",2020-07-17,"phe",1290
"PATY","C-PATY3",2020-07-17,"phe",1390
"PATY","C-PATY1",2020-07-20,"phe",48.4
"PATY","C-PATY2",2020-07-20,"phe",436
"PATY","C-PATY3",2020-07-20,"phe",1320
"PATY","C-PATY1",2020-07-21,"phe",54.1
"PATY","C-PATY2",2020-07-21,"phe",410
"PATY","C-PATY3",2020-07-21,"phe",1440
"PATY","C-PATY1",2020-07-22,"phe",57.6
"PATY","C-PATY2",2020-07-22,"phe",422
"PATY","C-PATY3",2020-07-22,"phe",1370
"PATY","C-PATY1",2020-07-23,"phe",57
"PATY","C-PATY1",2020-07-23,"phe",58.6
"PATY","C-PATY2",2020-07-23,"phe",410
"PATY","C-PATY2",2020-07-23,"phe",458
"PATY","C-PATY3",2020-07-23,"phe",1200
"PATY","C-PATY3",2020-07-23,"phe",1430
"PATY","C-PATY1",2020-07-24,"phe",54.5
"PATY","C-PATY2",2020-07-24,"phe",441
"PATY","C-PATY3",2020-07-24,"phe",1480
"PATY","C-PATY1",2020-07-27,"phe",57.1
"PATY","C-PATY2",2020-07-27,"phe",459
"PATY","C-PATY3",2020-07-27,"phe",1400
"PATY","C-PATY1",2020-07-28,"phe",53.1
"PATY","C-PATY2",2020-07-28,"phe",435
"PATY","C-PATY3",2020-07-28,"phe",1400
"PATY","C-PATY1",2020-07-29,"phe",54.5
"PATY","C-PATY2",2020-07-29,"phe",453
"PATY","C-PATY3",2020-07-29,"phe",1490
"PATY","C-PATY1",2020-07-30,"phe",51.5
"PATY","C-PATY2",2020-07-30,"phe",454
"PATY","C-PATY3",2020-07-30,"phe",1280
"PATY","C-PATY1",2020-07-31,"phe",61.5
"PATY","C-PATY2",2020-07-31,"phe",460
"PATY","C-PATY3",2020-07-31,"phe",1350
"PATY","C-PATY1",2020-08-03,"phe",55.5
"PATY","C-PATY2",2020-08-03,"phe",427
"PATY","C-PATY3",2020-08-03,"phe",1330
"PATY","C-PATY1",2020-08-04,"phe",58.9
"PATY","C-PATY2",2020-08-04,"phe",447
"PATY","C-PATY3",2020-08-04,"phe",1350
"PATY","C-PATY1",2020-08-05,"phe",56.3
"PATY","C-PATY2",2020-08-05,"phe",441
"PATY","C-PATY3",2020-08-05,"phe",1520
"PATY","C-PATY1",2020-08-06,"phe",54.7
"PATY","C-PATY2",2020-08-06,"phe",421
"PATY","C-PATY3",2020-08-06,"phe",1390
"PATY","C-PATY1",2020-08-07,"phe",55.5
"PATY","C-PATY2",2020-08-07,"phe",419
"PATY","C-PATY3",2020-08-07,"phe",1340
"PATY","C-PATY1",2020-08-10,"phe",56.7
"PATY","C-PATY2",2020-08-10,"phe",428
"PATY","C-PATY3",2020-08-10,"phe",1310
"PATY","C-PATY1",2020-08-11,"phe",52.5
"PATY","C-PATY2",2020-08-11,"phe",415
"PATY","C-PATY3",2020-08-11,"phe",1350
"PATY","C-PATY1",2020-08-12,"phe",50
"PATY","C-PATY2",2020-08-12,"phe",460
"PATY","C-PATY3",2020-08-12,"phe",1340
"PATY","C-PATY1",2020-08-13,"phe",58.3
"PATY","C-PATY2",2020-08-13,"phe",448
"PATY","C-PATY3",2020-08-13,"phe",1380
"PATY","C-PATY1",2020-08-14,"phe",54.7
"PATY","C-PATY2",2020-08-14,"phe",470
"PATY","C-PATY3",2020-08-14,"phe",1390
"PATY","C-PATY1",2020-08-17,"phe",54
"PATY","C-PATY2",2020-08-17,"phe",465
"PATY","C-PATY3",2020-08-17,"phe",1440
"PATY","C-PATY1",2020-08-18,"phe",51.4
"PATY","C-PATY2",2020-08-18,"phe",481
"PATY","C-PATY3",2020-08-18,"phe",1420
"PATY","C-PATY1",2020-08-19,"phe",54.1
"PATY","C-PATY2",2020-08-19,"phe",450
"PATY","C-PATY3",2020-08-19,"phe",1300
"PATY","C-PATY1",2020-08-20,"phe",60.5
"PATY","C-PATY1",2020-08-20,"phe",65.2
"PATY","C-PATY2",2020-08-20,"phe",441
"PATY","C-PATY2",2020-08-20,"phe",461
"PATY","C-PATY3",2020-08-20,"phe",1480
"PATY","C-PATY3",2020-08-20,"phe",1500
"PATY","C-PATY1",2020-08-21,"phe",55.4
"PATY","C-PATY2",2020-08-21,"phe",475
"PATY","C-PATY3",2020-08-21,"phe",1350
"PATY","C-PATY1",2020-08-24,"phe",56.5
"PATY","C-PATY2",2020-08-24,"phe",443
"PATY","C-PATY3",2020-08-24,"phe",1390
"PATY","C-PATY1",2020-08-26,"phe",53.2
"PATY","C-PATY2",2020-08-26,"phe",426
"PATY","C-PATY3",2020-08-26,"phe",1380
"PATY","C-PATY1",2020-08-27,"phe",60.2
"PATY","C-PATY2",2020-08-27,"phe",513
"PATY","C-PATY3",2020-08-27,"phe",1430
"PATY","C-PATY1",2020-08-28,"phe",59.3
"PATY","C-PATY2",2020-08-28,"phe",415
"PATY","C-PATY3",2020-08-28,"phe",1400
"PATY","C-PATY1",2020-08-31,"phe",51.4
"PATY","C-PATY2",2020-08-31,"phe",417
"PATY","C-PATY3",2020-08-31,"phe",1430
"PATY","C-PATY1",2020-09-01,"phe",53
"PATY","C-PATY2",2020-09-01,"phe",412
"PATY","C-PATY3",2020-09-01,"phe",1340
"PATY","C-PATY1",2020-09-02,"phe",53
"PATY","C-PATY2",2020-09-02,"phe",442
"PATY","C-PATY3",2020-09-02,"phe",1370
"PATY","C-PATY1",2020-09-03,"phe",57.1
"PATY","C-PATY2",2020-09-03,"phe",429
"PATY","C-PATY3",2020-09-03,"phe",1360
"PATY","C-PATY1",2020-09-04,"phe",53.9
"PATY","C-PATY2",2020-09-04,"phe",426
"PATY","C-PATY3",2020-09-04,"phe",1300
"PATY","C-PATY1",2020-09-08,"phe",57.4
"PATY","C-PATY2",2020-09-08,"phe",452
"PATY","C-PATY3",2020-09-08,"phe",1410
"PATY","C-PATY1",2020-09-09,"phe",60.3
"PATY","C-PATY2",2020-09-09,"phe",410
"PATY","C-PATY3",2020-09-09,"phe",1390
"PATY","C-PATY1",2020-09-10,"phe",56.4
"PATY","C-PATY2",2020-09-10,"phe",415
"PATY","C-PATY3",2020-09-10,"phe",1430
"PATY","C-PATY1",2020-09-11,"phe",54.1
"PATY","C-PATY2",2020-09-11,"phe",425
"PATY","C-PATY3",2020-09-11,"phe",1360
"PATY","C-PATY1",2020-09-14,"phe",58.8
"PATY","C-PATY2",2020-09-14,"phe",432
"PATY","C-PATY3",2020-09-14,"phe",1320
"PATY","C-PATY1",2020-09-15,"phe",59.4
"PATY","C-PATY2",2020-09-15,"phe",407
"PATY","C-PATY3",2020-09-15,"phe",1300
"PATY","C-PATY1",2020-09-16,"phe",57.3
"PATY","C-PATY2",2020-09-16,"phe",455
"PATY","C-PATY3",2020-09-16,"phe",1400
"PATY","C-PATY1",2020-09-17,"phe",50.9
"PATY","C-PATY2",2020-09-17,"phe",443
"PATY","C-PATY3",2020-09-17,"phe",1380
"PATY","C-PATY1",2020-09-18,"phe",59.9
"PATY","C-PATY2",2020-09-18,"phe",468
"PATY","C-PATY3",2020-09-18,"phe",1360
"PATY","C-PATY1",2020-09-21,"phe",53.9
"PATY","C-PATY2",2020-09-21,"phe",412
"PATY","C-PATY3",2020-09-21,"phe",1420
"PATY","C-PATY1",2020-09-24,"phe",55.3
"PATY","C-PATY1",2020-09-24,"phe",54.5
"PATY","C-PATY2",2020-09-24,"phe",414
"PATY","C-PATY2",2020-09-24,"phe",434
"PATY","C-PATY3",2020-09-24,"phe",1320
"PATY","C-PATY3",2020-09-24,"phe",1380
"PATY","C-PATY1",2020-09-25,"phe",54.8
"PATY","C-PATY2",2020-09-25,"phe",429
"PATY","C-PATY3",2020-09-25,"phe",1490
"PATY","C-PATY1",2020-09-28,"phe",51.1
"PATY","C-PATY2",2020-09-28,"phe",435
"PATY","C-PATY3",2020-09-28,"phe",1470
"PATY","C-PATY1",2020-09-29,"phe",52.6
"PATY","C-PATY2",2020-09-29,"phe",431
"PATY","C-PATY3",2020-09-29,"phe",1470
"PATY","C-PATY1",2020-09-30,"phe",52.7
"PATY","C-PATY2",2020-09-30,"phe",411
"PATY","C-PATY3",2020-09-30,"phe",1530
"PATY","C-PATY1",2020-10-01,"phe",54.2
"PATY","C-PATY2",2020-10-01,"phe",434
"PATY","C-PATY3",2020-10-01,"phe",1450
"PATY","C-PATY1",2020-10-02,"phe",61.3
"PATY","C-PATY1",2020-10-02,"phe",62.6
"PATY","C-PATY2",2020-10-02,"phe",426
"PATY","C-PATY2",2020-10-02,"phe",433
"PATY","C-PATY3",2020-10-02,"phe",1300
"PATY","C-PATY3",2020-10-02,"phe",1250
"PATY","C-PATY1",2020-10-05,"phe",59.3
"PATY","C-PATY2",2020-10-05,"phe",477
"PATY","C-PATY3",2020-10-05,"phe",1390
"PATY","C-PATY1",2020-10-06,"phe",62.7
"PATY","C-PATY2",2020-10-06,"phe",439
"PATY","C-PATY3",2020-10-06,"phe",1430
"PATY","C-PATY1",2020-10-07,"phe",55.2
"PATY","C-PATY2",2020-10-07,"phe",421
"PATY","C-PATY3",2020-10-07,"phe",1440
"PATY","C-PATY1",2020-10-09,"phe",57.8
"PATY","C-PATY2",2020-10-09,"phe",454
"PATY","C-PATY3",2020-10-09,"phe",1350
"PATY","C-PATY1",2020-10-12,"phe",54.9
"PATY","C-PATY2",2020-10-12,"phe",428
"PATY","C-PATY3",2020-10-12,"phe",1380
"PATY","C-PATY1",2020-10-13,"phe",56.6
"PATY","C-PATY2",2020-10-13,"phe",439
"PATY","C-PATY3",2020-10-13,"phe",1400
"PATY","C-PATY1",2020-10-14,"phe",61.1
"PATY","C-PATY2",2020-10-14,"phe",510
"PATY","C-PATY3",2020-10-14,"phe",1360
"PATY","C-PATY1",2020-10-15,"phe",59.2
"PATY","C-PATY2",2020-10-15,"phe",462
"PATY","C-PATY3",2020-10-15,"phe",1380
"PATY","C-PATY1",2020-10-16,"phe",55
"PATY","C-PATY1",2020-10-16,"phe",58.7
"PATY","C-PATY2",2020-10-16,"phe",448
"PATY","C-PATY2",2020-10-16,"phe",445
"PATY","C-PATY3",2020-10-16,"phe",1430
"PATY","C-PATY3",2020-10-16,"phe",1410
"PATY","C-PATY1",2020-10-19,"phe",53.4
"PATY","C-PATY2",2020-10-19,"phe",448
"PATY","C-PATY3",2020-10-19,"phe",1420
"PATY","C-PATY1",2020-10-20,"phe",66.6
"PATY","C-PATY2",2020-10-20,"phe",501
"PATY","C-PATY3",2020-10-20,"phe",1430
"PATY","C-PATY1",2020-10-21,"phe",63.9
"PATY","C-PATY2",2020-10-21,"phe",461
"PATY","C-PATY3",2020-10-21,"phe",1380
"PATY","C-PATY1",2020-10-22,"phe",59
"PATY","C-PATY2",2020-10-22,"phe",445
"PATY","C-PATY3",2020-10-22,"phe",1350
"PATY","C-PATY1",2020-10-23,"phe",58.1
"PATY","C-PATY2",2020-10-23,"phe",456
"PATY","C-PATY3",2020-10-23,"phe",1440
"PATY","C-PATY1",2020-10-26,"phe",58.4
"PATY","C-PATY2",2020-10-26,"phe",462
"PATY","C-PATY3",2020-10-26,"phe",1480
"PATY","C-PATY1",2020-10-27,"phe",57.8
"PATY","C-PATY2",2020-10-27,"phe",439
"PATY","C-PATY3",2020-10-27,"phe",1390
"PATY","C-PATY1",2020-10-28,"phe",56.8
"PATY","C-PATY2",2020-10-28,"phe",464
"PATY","C-PATY3",2020-10-28,"phe",1470
"PATY","C-PATY1",2020-10-29,"phe",61.7
"PATY","C-PATY2",2020-10-29,"phe",452
"PATY","C-PATY3",2020-10-29,"phe",1350
"PATY","C-PATY1",2020-10-30,"phe",58.2
"PATY","C-PATY2",2020-10-30,"phe",418
"PATY","C-PATY3",2020-10-30,"phe",1340
"PATY","C-PATY1",2020-11-02,"phe",54
"PATY","C-PATY2",2020-11-02,"phe",463
"PATY","C-PATY3",2020-11-02,"phe",1440
"PATY","C-PATY1",2020-11-03,"phe",59.6
"PATY","C-PATY2",2020-11-03,"phe",458
"PATY","C-PATY3",2020-11-03,"phe",1490
"PATY","C-PATY1",2020-11-04,"phe",55.4
"PATY","C-PATY2",2020-11-04,"phe",504
"PATY","C-PATY3",2020-11-04,"phe",1400
"PATY","C-PATY1",2020-11-09,"phe",57.6
"PATY","C-PATY2",2020-11-09,"phe",464
"PATY","C-PATY3",2020-11-09,"phe",1480
"PATY","C-PATY1",2020-11-10,"phe",58.3
"PATY","C-PATY2",2020-11-10,"phe",442
"PATY","C-PATY3",2020-11-10,"phe",1540
"PATY","C-PATY1",2020-11-11,"phe",58
"PATY","C-PATY2",2020-11-11,"phe",449
"PATY","C-PATY3",2020-11-11,"phe",1460
"PATY","C-PATY1",2020-11-13,"phe",65
"PATY","C-PATY2",2020-11-13,"phe",480
"PATY","C-PATY3",2020-11-13,"phe",1460
"PATY","C-PATY1",2020-11-17,"phe",63.2
"PATY","C-PATY2",2020-11-17,"phe",468
"PATY","C-PATY3",2020-11-17,"phe",1510
"PATY","C-PATY1",2020-11-18,"phe",64.2
"PATY","C-PATY2",2020-11-18,"phe",463
"PATY","C-PATY3",2020-11-18,"phe",1510
"PATY","C-PATY1",2020-11-19,"phe",63.5
"PATY","C-PATY2",2020-11-19,"phe",470
"PATY","C-PATY3",2020-11-19,"phe",1480
"PATY","C-PATY1",2020-11-20,"phe",60.4
"PATY","C-PATY1",2020-11-20,"phe",59.8
"PATY","C-PATY2",2020-11-20,"phe",440
"PATY","C-PATY2",2020-11-20,"phe",438
"PATY","C-PATY3",2020-11-20,"phe",1410
"PATY","C-PATY3",2020-11-20,"phe",1400
"PATY","C-PATY1",2020-11-23,"phe",66.6
"PATY","C-PATY2",2020-11-23,"phe",466
"PATY","C-PATY3",2020-11-23,"phe",1400
"PATY","C-PATY1",2020-11-25,"phe",59.8
"PATY","C-PATY2",2020-11-25,"phe",433
"PATY","C-PATY1",2020-11-27,"phe",55.1
"PATY","C-PATY2",2020-11-27,"phe",464
"PATY","C-PATY1",2020-12-01,"phe",59.6
"PATY","C-PATY2",2020-12-01,"phe",460
